epoch,accuracy,learning_rate,loss,val_accuracy,val_loss,val_macro_f1,val_qwk,val_score
0,0.7701686024665833,4.999999873689376e-05,0.7507919073104858,0.7468124032020569,0.9789274334907532,0.47851697734432863,0.751710065865288,0.6151135216048083
1,0.798962414264679,4.999999873689376e-05,0.6907898783683777,0.7795992493629456,0.8095608353614807,0.5841679099123616,0.8394382045048122,0.7118030572085869
2,0.8176394104957581,4.999999873689376e-05,0.6505901217460632,0.7595628499984741,0.7814748883247375,0.5415572600051866,0.8308583400086266,0.6862078000069065
3,0.8300908207893372,4.999999873689376e-05,0.633723258972168,0.7650273442268372,0.8948075175285339,0.5444207769417646,0.7946127946127947,0.6695167857772797
4,0.8511024713516235,4.999999873689376e-05,0.5994704365730286,0.7613843083381653,0.8126237988471985,0.578716122675748,0.8240698697614119,0.70139299621858
5,0.8575875759124756,1.4999999621068127e-05,0.5782570838928223,0.7704917788505554,0.8233035802841187,0.59518344345423,0.8201214917137933,0.7076524675840117
6,0.8767833709716797,1.4999999621068127e-05,0.5517340898513794,0.7795992493629456,0.7715811729431152,0.5954785343343695,0.8441311109338863,0.7198048226341278
7,0.8695201277732849,1.4999999621068127e-05,0.5518741607666016,0.7741348147392273,0.8130573034286499,0.577596415758103,0.8232567123816883,0.7004265640698957
8,0.8843060731887817,1.4999999621068127e-05,0.537983238697052,0.7759562730789185,0.8012481331825256,0.5978732049737276,0.8548021906426788,0.7263376978082032
9,0.8752269744873047,1.4999999621068127e-05,0.5416924953460693,0.7868852615356445,0.7910268306732178,0.6110868701206907,0.8610271805693345,0.7360570253450126
10,0.885084331035614,1.4999999621068127e-05,0.529244601726532,0.7704917788505554,0.8285397887229919,0.5807381582223942,0.8203518250098827,0.7005449916161384
11,0.8827496767044067,1.4999999621068127e-05,0.5238605737686157,0.7777777910232544,0.8073627352714539,0.5788483902537218,0.8510469207647297,0.7149476555092258
12,0.886121928691864,1.4999999621068127e-05,0.5254862904548645,0.7759562730789185,0.8206706047058105,0.5870061039385567,0.8332612286635728,0.7101336663010647
13,0.8946822285652161,4.499999704421498e-06,0.5112074017524719,0.7887067198753357,0.7961797714233398,0.6135554742893292,0.8579907593502323,0.7357731168197807
14,0.8952010273933411,4.499999704421498e-06,0.5093852877616882,0.7795992493629456,0.8081719279289246,0.5955606324238399,0.8577196730629766,0.7266401527434083
15,0.8954604268074036,4.499999704421498e-06,0.5024943351745605,0.7850637435913086,0.8072030544281006,0.6126220030054479,0.8594832814980191,0.7360526422517335
16,0.8975356817245483,1.349999934063817e-06,0.5048754215240479,0.7832422852516174,0.8010861277580261,0.6050109889281234,0.8576533650982727,0.7313321770131981
